date,priceUsd,time
2017-11-04T00:00:00.000Z,7256.2289003837979138,1509753600000
2017-11-05T00:00:00.000Z,7469.9650309928985988,1509840000000
2017-11-06T00:00:00.000Z,7233.5949858551172830,1509926400000
2017-11-07T00:00:00.000Z,7105.9659049666919741,1510012800000
2017-11-08T00:00:00.000Z,7379.4679383834860157,1510099200000
2017-11-09T00:00:00.000Z,7236.2841244281341387,1510185600000
2017-11-10T00:00:00.000Z,6943.8492186440939075,1510272000000
2017-11-11T00:00:00.000Z,6524.6881483974963761,1510358400000
2017-11-12T00:00:00.000Z,6072.9790767203417595,1510444800000
2017-11-13T00:00:00.000Z,6311.6494731103150337,1510531200000
2017-11-14T00:00:00.000Z,6563.2021094563041432,1510617600000
2017-11-15T00:00:00.000Z,7024.9451197911782884,1510704000000
2017-11-16T00:00:00.000Z,7453.8879125320011330,1510790400000
2017-11-17T00:00:00.000Z,7831.5032667164289818,1510876800000
2017-11-18T00:00:00.000Z,7693.8790542697127826,1510963200000
2017-11-19T00:00:00.000Z,7833.1736725128502210,1511049600000
2017-11-20T00:00:00.000Z,8119.8048423743197392,1511136000000
2017-11-21T00:00:00.000Z,8175.8076296268709831,1511222400000
2017-11-22T00:00:00.000Z,8201.6430928777746367,1511308800000
2017-11-23T00:00:00.000Z,8180.0302999510405704,1511395200000
2017-11-24T00:00:00.000Z,8170.7565482990695689,1511481600000
2017-11-25T00:00:00.000Z,8476.4422062276302238,1511568000000
2017-11-26T00:00:00.000Z,9067.2775121365442217,1511654400000
2017-11-27T00:00:00.000Z,9611.7096595773735205,1511740800000
2017-11-28T00:00:00.000Z,9851.0594232094704123,1511827200000
2017-11-29T00:00:00.000Z,10424.9260701846939508,1511913600000
2017-11-30T00:00:00.000Z,9893.9685061397237017,1512000000000
2017-12-01T00:00:00.000Z,10176.4401868959549789,1512086400000
2017-12-02T00:00:00.000Z,10940.0841741574432757,1512172800000
2017-12-03T00:00:00.000Z,11292.4861894865838505,1512259200000
2017-12-04T00:00:00.000Z,11351.3886145654310329,1512345600000
2017-12-05T00:00:00.000Z,11678.6675787952892328,1512432000000
2017-12-06T00:00:00.000Z,12612.2937550932579775,1512518400000
2017-12-07T00:00:00.000Z,15061.8528269900998577,1512604800000
2017-12-08T00:00:00.000Z,15789.0331576648691131,1512691200000
2017-12-09T00:00:00.000Z,15074.3255603400054048,1512777600000
2017-12-10T00:00:00.000Z,14386.5238737213138420,1512864000000
2017-12-11T00:00:00.000Z,16480.5935758752806796,1512950400000
2017-12-12T00:00:00.000Z,16958.0190281307589240,1513036800000
2017-12-13T00:00:00.000Z,16753.9894374110993110,1513123200000
2017-12-14T00:00:00.000Z,16479.6355254403206914,1513209600000
2017-12-15T00:00:00.000Z,17479.8445376732297543,1513296000000
2017-12-16T00:00:00.000Z,18292.9848489004422907,1513382400000
2017-12-17T00:00:00.000Z,19339.9226580040999352,1513468800000
2017-12-18T00:00:00.000Z,18737.0274431445759495,1513555200000
2017-12-19T00:00:00.000Z,18252.3368884164525938,1513641600000
2017-12-20T00:00:00.000Z,16752.9364212559839112,1513728000000
2017-12-21T00:00:00.000Z,16209.8486326667882848,1513814400000
2017-12-22T00:00:00.000Z,13631.1875212994522877,1513900800000
2017-12-23T00:00:00.000Z,14605.1115619915159935,1513987200000
2017-12-24T00:00:00.000Z,13389.8334246572849725,1514073600000
2017-12-25T00:00:00.000Z,13788.7687682697016898,1514160000000
2017-12-26T00:00:00.000Z,15180.2361974737628879,1514246400000
2017-12-27T00:00:00.000Z,15628.9650864326356216,1514332800000
2017-12-28T00:00:00.000Z,14212.6346018215148980,1514419200000
2017-12-29T00:00:00.000Z,14525.3560236741160125,1514505600000
2017-12-30T00:00:00.000Z,13182.2942373627953235,1514592000000
2017-12-31T00:00:00.000Z,13319.0870712699240808,1514678400000
2018-01-01T00:00:00.000Z,13430.4026814754906770,1514764800000
2018-01-02T00:00:00.000Z,13882.5933520000409847,1514851200000
2018-01-03T00:00:00.000Z,14975.7810522572621758,1514937600000
2018-01-04T00:00:00.000Z,14832.9748201242270846,1515024000000
2018-01-05T00:00:00.000Z,15836.2644667548430582,1515110400000
2018-01-06T00:00:00.000Z,16738.3635966958326501,1515196800000
2018-01-07T00:00:00.000Z,16603.0517987186475372,1515283200000
2018-01-08T00:00:00.000Z,15330.4010876544073539,1515369600000
2018-01-09T00:00:00.000Z,14931.9201082672208788,1515456000000
2018-01-10T00:00:00.000Z,14234.7452387324879790,1515542400000
2018-01-11T00:00:00.000Z,13805.6057564532338837,1515628800000
2018-01-12T00:00:00.000Z,13722.7988452536021464,1515715200000
2018-01-13T00:00:00.000Z,14271.5266791604401972,1515801600000
2018-01-14T00:00:00.000Z,13722.6565001658500127,1515888000000
2018-01-15T00:00:00.000Z,13847.8002197588300577,1515974400000
2018-01-16T00:00:00.000Z,12124.7764227470634477,1516060800000
2018-01-17T00:00:00.000Z,10617.4863050440655055,1516147200000
2018-01-18T00:00:00.000Z,11428.0417459848192602,1516233600000
2018-01-19T00:00:00.000Z,11461.7714084566219395,1516320000000
2018-01-20T00:00:00.000Z,12476.2887570088123660,1516406400000
2018-01-21T00:00:00.000Z,11899.6357212315741257,1516492800000
2018-01-22T00:00:00.000Z,11132.4373805740266223,1516579200000
2018-01-23T00:00:00.000Z,10727.1991370605181471,1516665600000
2018-01-24T00:00:00.000Z,11019.0057320355730295,1516752000000
2018-01-25T00:00:00.000Z,11314.0747956696217170,1516838400000
2018-01-26T00:00:00.000Z,11025.6863707152436408,1516924800000
2018-01-27T00:00:00.000Z,11268.5250628784004453,1517011200000
2018-01-28T00:00:00.000Z,11676.3507302977653495,1517097600000
2018-01-29T00:00:00.000Z,11316.2223829810599505,1517184000000
2018-01-30T00:00:00.000Z,10697.0445600384825692,1517270400000
2018-01-31T00:00:00.000Z,10056.4360027105363872,1517356800000
2018-02-01T00:00:00.000Z,9583.5903086996936667,1517443200000
2018-02-02T00:00:00.000Z,8631.4466446959025848,1517529600000
2018-02-03T00:00:00.000Z,8949.4095248177826975,1517616000000
2018-02-04T00:00:00.000Z,8762.6620062130661665,1517702400000
2018-02-05T00:00:00.000Z,7646.5559223693463242,1517788800000
2018-02-06T00:00:00.000Z,6832.4936463878335084,1517875200000
2018-02-07T00:00:00.000Z,7899.5663088804230371,1517961600000
2018-02-08T00:00:00.000Z,8228.8196164780130453,1518048000000
2018-02-09T00:00:00.000Z,8271.7872390147574922,1518134400000
2018-02-10T00:00:00.000Z,8652.1339252947617742,1518220800000
2018-02-11T00:00:00.000Z,8210.8112184227038025,1518307200000
2018-02-12T00:00:00.000Z,8637.5519703802505904,1518393600000
2018-02-13T00:00:00.000Z,8623.1955753469816821,1518480000000
2018-02-14T00:00:00.000Z,9025.8784093362843471,1518566400000
2018-02-15T00:00:00.000Z,9799.3747876662883886,1518652800000
2018-02-16T00:00:00.000Z,10021.8463212245181048,1518739200000
2018-02-17T00:00:00.000Z,10680.0553989657085966,1518825600000
2018-02-18T00:00:00.000Z,10716.0595532595405335,1518912000000
2018-02-19T00:00:00.000Z,10865.8256741791037985,1518998400000
2018-02-20T00:00:00.000Z,11504.3454728501979543,1519084800000
2018-02-21T00:00:00.000Z,10788.7856253334011167,1519171200000
2018-02-22T00:00:00.000Z,10272.2509791513827385,1519257600000
2018-02-23T00:00:00.000Z,10009.5047984700670038,1519344000000
2018-02-24T00:00:00.000Z,9924.5102486005197311,1519430400000
2018-02-25T00:00:00.000Z,9602.2854607194402899,1519516800000
2018-02-26T00:00:00.000Z,9908.1680192982703581,1519603200000
2018-02-27T00:00:00.000Z,10555.1992375597610226,1519689600000
2018-02-28T00:00:00.000Z,10625.2277959668508144,1519776000000
2018-03-01T00:00:00.000Z,10655.6536302793027495,1519862400000
2018-03-02T00:00:00.000Z,10988.2359351753811771,1519948800000
2018-03-03T00:00:00.000Z,11354.7875208866775047,1520035200000
2018-03-04T00:00:00.000Z,11256.2343480470050798,1520121600000
2018-03-05T00:00:00.000Z,11520.5881434471081427,1520208000000
2018-03-06T00:00:00.000Z,11026.6649917775314674,1520294400000
2018-03-07T00:00:00.000Z,10407.0416720813370215,1520380800000
2018-03-08T00:00:00.000Z,9710.6049341306355908,1520467200000
2018-03-09T00:00:00.000Z,8902.8577577676842995,1520553600000
2018-03-10T00:00:00.000Z,9242.5349217767465270,1520640000000
2018-03-11T00:00:00.000Z,9059.0849006258095915,1520726400000
2018-03-12T00:00:00.000Z,9445.7285934211027319,1520812800000
2018-03-13T00:00:00.000Z,9162.9406225531852787,1520899200000
2018-03-14T00:00:00.000Z,8770.1793938137990463,1520985600000
2018-03-15T00:00:00.000Z,8109.7639091696104616,1521072000000
2018-03-16T00:00:00.000Z,8317.4617615200027952,1521158400000
2018-03-17T00:00:00.000Z,8081.7781384647838961,1521244800000
2018-03-18T00:00:00.000Z,7675.3530062866979318,1521331200000
2018-03-19T00:00:00.000Z,8350.2081253528977704,1521417600000
2018-03-20T00:00:00.000Z,8623.2054367461532868,1521504000000
2018-03-21T00:00:00.000Z,8990.2473444727253395,1521590400000
2018-03-22T00:00:00.000Z,8792.8391787067084417,1521676800000
2018-03-23T00:00:00.000Z,8538.6036649821291066,1521763200000
2018-03-24T00:00:00.000Z,8863.3203432930425052,1521849600000
2018-03-25T00:00:00.000Z,8548.6952444075593850,1521936000000
2018-03-26T00:00:00.000Z,8222.1145804416519597,1522022400000
2018-03-27T00:00:00.000Z,7978.0720092645417331,1522108800000
2018-03-28T00:00:00.000Z,7935.0471111271953558,1522195200000
2018-03-29T00:00:00.000Z,7530.9994704959996351,1522281600000
2018-03-30T00:00:00.000Z,6898.4829827319699184,1522368000000
2018-03-31T00:00:00.000Z,7022.3924758285124393,1522454400000
2018-04-01T00:00:00.000Z,6821.6183672998086301,1522540800000
2018-04-02T00:00:00.000Z,6998.5127314125809790,1522627200000
2018-04-03T00:00:00.000Z,7342.9676964092043457,1522713600000
2018-04-04T00:00:00.000Z,7100.8827307312892692,1522800000000
2018-04-05T00:00:00.000Z,6775.8312725765287458,1522886400000
2018-04-06T00:00:00.000Z,6667.7450004428991985,1522972800000
2018-04-07T00:00:00.000Z,6909.6372305258054008,1523059200000
2018-04-08T00:00:00.000Z,7017.6617121979453494,1523145600000
2018-04-09T00:00:00.000Z,6916.0762492658167551,1523232000000
2018-04-10T00:00:00.000Z,6797.6745970145943467,1523318400000
2018-04-11T00:00:00.000Z,6913.9478188668164770,1523404800000
2018-04-12T00:00:00.000Z,7349.3250027090108354,1523491200000
2018-04-13T00:00:00.000Z,8007.8258311958891683,1523577600000
2018-04-14T00:00:00.000Z,8024.7012282009668503,1523664000000
2018-04-15T00:00:00.000Z,8247.0674117688255826,1523750400000
2018-04-16T00:00:00.000Z,8102.3827849166182902,1523836800000
2018-04-17T00:00:00.000Z,8072.6896790882695715,1523923200000
2018-04-18T00:00:00.000Z,8084.9797294384701186,1524009600000
2018-04-19T00:00:00.000Z,8242.6121225479045556,1524096000000
2018-04-20T00:00:00.000Z,8472.0475453232727373,1524182400000
2018-04-21T00:00:00.000Z,8819.8939913698787610,1524268800000
2018-04-22T00:00:00.000Z,8914.1630729853986228,1524355200000
2018-04-23T00:00:00.000Z,8919.2977468542082185,1524441600000
2018-04-24T00:00:00.000Z,9561.0799685073554550,1524528000000
2018-04-25T00:00:00.000Z,9333.2175860820606518,1524614400000
2018-04-27T00:00:00.000Z,9160.5502200890118169,1524787200000
2018-04-28T00:00:00.000Z,9263.9000503145392452,1524873600000
2018-04-29T00:00:00.000Z,9372.7566826937035762,1524960000000
2018-04-30T00:00:00.000Z,9309.7665521383806964,1525046400000
2018-05-01T00:00:00.000Z,9020.0315023533059375,1525132800000
2018-05-02T00:00:00.000Z,9130.8574358187338009,1525219200000
2018-05-03T00:00:00.000Z,9372.8974651022710386,1525305600000
2018-05-04T00:00:00.000Z,9650.6051368762860114,1525392000000
2018-05-05T00:00:00.000Z,9765.6847282666075959,1525478400000
2018-05-06T00:00:00.000Z,9563.2379521951292493,1525564800000
2018-05-07T00:00:00.000Z,9312.4895131430295868,1525651200000
2018-05-08T00:00:00.000Z,9262.5149882677928566,1525737600000
2018-05-09T00:00:00.000Z,9206.1510974296299859,1525824000000
2018-05-10T00:00:00.000Z,9277.0093942941336682,1525910400000
2018-05-11T00:00:00.000Z,8722.4447910862446822,1525996800000
2018-05-12T00:00:00.000Z,8449.5836423952156712,1526083200000
2018-05-13T00:00:00.000Z,8587.8977317362240393,1526169600000
2018-05-14T00:00:00.000Z,8596.4032655707132288,1526256000000
2018-05-15T00:00:00.000Z,8659.7011312618620716,1526342400000
2018-05-16T00:00:00.000Z,8295.4023956179716919,1526428800000
2018-05-17T00:00:00.000Z,8297.2587963462737933,1526515200000
2018-05-18T00:00:00.000Z,8114.1720561097301222,1526601600000
2018-05-19T00:00:00.000Z,8277.9940147849035937,1526688000000
2018-05-20T00:00:00.000Z,8387.2509110497256162,1526774400000
2018-05-21T00:00:00.000Z,8473.4111065620668425,1526860800000
2018-05-22T00:00:00.000Z,8266.0665433580078535,1526947200000
2018-05-23T00:00:00.000Z,7839.0237402846611194,1527033600000
2018-05-24T00:00:00.000Z,7583.1107071336412131,1527120000000
2018-05-25T00:00:00.000Z,7525.9543033650746450,1527206400000
2018-05-26T00:00:00.000Z,7531.1852410086596478,1527292800000
2018-05-27T00:00:00.000Z,7366.5778738336835827,1527379200000
2018-05-28T00:00:00.000Z,7317.6978437485341297,1527465600000
2018-05-29T00:00:00.000Z,7327.5205126417995557,1527552000000
2018-05-30T00:00:00.000Z,7449.7914443511357913,1527638400000
2018-05-31T00:00:00.000Z,7502.6476227927930029,1527724800000
2018-06-01T00:00:00.000Z,7491.1484266080856279,1527811200000
2018-06-02T00:00:00.000Z,7575.9303946447999577,1527897600000
2018-06-03T00:00:00.000Z,7639.7031219391263482,1527984000000
2018-06-04T00:00:00.000Z,7582.7934681304364615,1528070400000
2018-06-05T00:00:00.000Z,7491.3014561499445987,1528156800000
2018-06-06T00:00:00.000Z,7572.9151240804749262,1528243200000
2018-06-07T00:00:00.000Z,7675.7741305246189321,1528329600000
2018-06-08T00:00:00.000Z,7610.1023173134108409,1528416000000
2018-06-09T00:00:00.000Z,7658.5373710782084822,1528502400000
2018-06-10T00:00:00.000Z,7192.4503885394461936,1528588800000
2018-06-11T00:00:00.000Z,6781.8219025615063435,1528675200000
2018-06-12T00:00:00.000Z,6788.0829376772461354,1528761600000
2018-06-13T00:00:00.000Z,6474.8240496054388652,1528848000000
2018-06-14T00:00:00.000Z,6505.4761881071067153,1528934400000
2018-06-15T00:00:00.000Z,6568.1505580951382853,1529020800000
2018-06-16T00:00:00.000Z,6493.5218709757624002,1529107200000
2018-06-17T00:00:00.000Z,6543.9392451107193811,1529193600000
2018-06-18T00:00:00.000Z,6540.4033775786771175,1529280000000
2018-06-19T00:00:00.000Z,6732.8204893911896126,1529366400000
2018-06-20T00:00:00.000Z,6694.0526917712801299,1529452800000
2018-06-21T00:00:00.000Z,6742.6610817858279281,1529539200000
2018-06-22T00:00:00.000Z,6379.0832858090772141,1529625600000
2018-06-23T00:00:00.000Z,6166.6831522390767032,1529712000000
2018-06-24T00:00:00.000Z,6047.7949672733327577,1529798400000
2018-06-25T00:00:00.000Z,6222.7026351201356223,1529884800000
2018-06-26T00:00:00.000Z,6225.0146606930372517,1529971200000
2018-06-27T00:00:00.000Z,6128.2276624847847799,1530057600000
2018-06-28T00:00:00.000Z,6107.6076446257735834,1530144000000
2018-06-29T00:00:00.000Z,5928.0534059458803573,1530230400000
2018-06-30T00:00:00.000Z,6379.9761872798011654,1530316800000
2018-07-01T00:00:00.000Z,6379.3997635993342453,1530403200000
2018-07-02T00:00:00.000Z,6466.3135622762295280,1530489600000
2018-07-03T00:00:00.000Z,6601.0724971279524219,1530576000000
2018-07-04T00:00:00.000Z,6581.0092630267574887,1530662400000
2018-07-05T00:00:00.000Z,6629.1362927171773870,1530748800000
2018-07-06T00:00:00.000Z,6549.1112450806328349,1530835200000
2018-07-07T00:00:00.000Z,6655.9108972488685303,1530921600000
2018-07-08T00:00:00.000Z,6818.2081672225807333,1531008000000
2018-07-09T00:00:00.000Z,6741.7764822044089258,1531094400000
2018-07-10T00:00:00.000Z,6525.5093638185088059,1531180800000
2018-07-11T00:00:00.000Z,6585.4814995139912926,1531267200000
2018-07-12T00:00:00.000Z,6489.0484273708415619,1531353600000
2018-07-13T00:00:00.000Z,6291.0146998844553630,1531440000000
2018-07-14T00:00:00.000Z,6252.1208882488125434,1531526400000
2018-07-15T00:00:00.000Z,6340.1868649492544957,1531612800000
2018-07-16T00:00:00.000Z,6530.5736788831891429,1531699200000
2018-07-17T00:00:00.000Z,6884.5482398003929297,1531785600000
2018-07-18T00:00:00.000Z,7409.9979715905945494,1531872000000
2018-07-19T00:00:00.000Z,7395.3701986813659323,1531958400000
2018-07-20T00:00:00.000Z,7425.9746148291378074,1532044800000
2018-07-21T00:00:00.000Z,7346.6049106335193051,1532131200000
2018-07-22T00:00:00.000Z,7446.3683595137795620,1532217600000
2018-07-23T00:00:00.000Z,7672.2795468901929951,1532304000000
2018-07-24T00:00:00.000Z,8058.3217339088221456,1532390400000
2018-07-25T00:00:00.000Z,8232.6844834113199475,1532476800000
2018-07-26T00:00:00.000Z,8171.3690575620503343,1532563200000
2018-07-27T00:00:00.000Z,8004.3080625949240423,1532649600000
2018-07-28T00:00:00.000Z,8158.6671323110608870,1532736000000
2018-07-29T00:00:00.000Z,8183.3394012885138213,1532822400000
2018-07-30T00:00:00.000Z,8121.8084601148850521,1532908800000
2018-07-31T00:00:00.000Z,7907.5242567350601721,1532995200000
2018-08-01T00:00:00.000Z,7564.2783199263660926,1533081600000
2018-08-02T00:00:00.000Z,7581.6106106966728131,1533168000000
2018-08-03T00:00:00.000Z,7389.6890782016167515,1533254400000
2018-08-04T00:00:00.000Z,7247.2622645760407444,1533340800000
2018-08-05T00:00:00.000Z,6987.2119251945676799,1533427200000
2018-08-06T00:00:00.000Z,6989.5894031517333271,1533513600000
2018-08-07T00:00:00.000Z,6982.2152132099561375,1533600000000
2018-08-08T00:00:00.000Z,6440.3697000642825397,1533686400000
2018-08-09T00:00:00.000Z,6393.9269812044434623,1533772800000
2018-08-10T00:00:00.000Z,6407.8728801353273924,1533859200000
2018-08-11T00:00:00.000Z,6207.1632273283448661,1533945600000
2018-08-12T00:00:00.000Z,6334.0461803750769015,1534032000000
2018-08-13T00:00:00.000Z,6360.1918581624788555,1534118400000
2018-08-14T00:00:00.000Z,6062.7727138884888530,1534204800000
2018-08-15T00:00:00.000Z,6375.5075330731091266,1534291200000
2018-08-16T00:00:00.000Z,6351.2625049338930013,1534377600000
2018-08-17T00:00:00.000Z,6480.0610707690134954,1534464000000
2018-08-18T00:00:00.000Z,6448.5512981570588804,1534550400000
2018-08-19T00:00:00.000Z,6423.5206294785558114,1534636800000
2018-08-20T00:00:00.000Z,6462.0570727417937109,1534723200000
2018-08-21T00:00:00.000Z,6416.4232388561160420,1534809600000
2018-08-22T00:00:00.000Z,6584.1557469946485453,1534896000000
2018-08-23T00:00:00.000Z,6438.8637611972063080,1534982400000
2018-08-24T00:00:00.000Z,6555.7032233406586042,1535068800000
2018-08-25T00:00:00.000Z,6730.7091908707539584,1535155200000
2018-08-26T00:00:00.000Z,6691.8868256017905329,1535241600000
2018-08-27T00:00:00.000Z,6717.0787874280856123,1535328000000
2018-08-28T00:00:00.000Z,6975.3463309013865009,1535414400000
2018-08-29T00:00:00.000Z,7045.3338485580085795,1535500800000
2018-08-30T00:00:00.000Z,6938.1899350280116986,1535587200000
2018-08-31T00:00:00.000Z,6986.5000261824709093,1535673600000
2018-09-01T00:00:00.000Z,7107.0159709238896186,1535760000000
2018-09-02T00:00:00.000Z,7236.9422686456269567,1535846400000
2018-09-03T00:00:00.000Z,7252.2010220645022364,1535932800000
2018-09-04T00:00:00.000Z,7318.5833018141706745,1536019200000
2018-09-05T00:00:00.000Z,7141.0565894093883643,1536105600000
2018-09-06T00:00:00.000Z,6478.9959165292286105,1536192000000
2018-09-07T00:00:00.000Z,6473.9548980121911296,1536278400000
2018-09-08T00:00:00.000Z,6399.1874020669493270,1536364800000
2018-09-09T00:00:00.000Z,6319.8477593242257758,1536451200000
2018-09-10T00:00:00.000Z,6317.5845456800682717,1536537600000
2018-09-11T00:00:00.000Z,6323.9485872653188278,1536624000000
2018-09-12T00:00:00.000Z,6299.2713927597648163,1536710400000
2018-09-13T00:00:00.000Z,6458.9546879097388580,1536796800000
2018-09-14T00:00:00.000Z,6513.0281268483052168,1536883200000
2018-09-15T00:00:00.000Z,6528.6224041377053836,1536969600000
2018-09-16T00:00:00.000Z,6495.4002279745973276,1537056000000
2018-09-17T00:00:00.000Z,6414.0104557890502398,1537142400000
2018-09-18T00:00:00.000Z,6310.0101773358832779,1537228800000
2018-09-19T00:00:00.000Z,6353.3433055155718239,1537315200000
2018-09-20T00:00:00.000Z,6418.3250817603834187,1537401600000
2018-09-21T00:00:00.000Z,6660.0804988513980361,1537488000000
2018-09-22T00:00:00.000Z,6707.2502154731442148,1537574400000
2018-09-23T00:00:00.000Z,6714.8066889125774747,1537660800000
2018-09-24T00:00:00.000Z,6646.4958441230036463,1537747200000
2018-09-25T00:00:00.000Z,6438.1069691251630549,1537833600000
2018-09-26T00:00:00.000Z,6485.4890317971317696,1537920000000
2018-09-27T00:00:00.000Z,6541.0337958257986406,1538006400000
2018-09-28T00:00:00.000Z,6676.7633581286219283,1538092800000
2018-09-29T00:00:00.000Z,6565.7065434713118212,1538179200000
2018-09-30T00:00:00.000Z,6603.8328884743714746,1538265600000
2018-10-01T00:00:00.000Z,6599.8416282627643386,1538352000000
2018-10-02T00:00:00.000Z,6569.1735702710224552,1538438400000
2018-10-03T00:00:00.000Z,6481.0843448219904890,1538524800000
2018-10-04T00:00:00.000Z,6567.2087336434430376,1538611200000
2018-10-05T00:00:00.000Z,6571.5218791061815352,1538697600000
2018-10-06T00:00:00.000Z,6584.6514498574054398,1538784000000
2018-10-07T00:00:00.000Z,6576.3334458588935341,1538870400000
2018-10-08T00:00:00.000Z,6622.0200161410635384,1538956800000
2018-10-09T00:00:00.000Z,6632.0089226491324837,1539043200000
2018-10-10T00:00:00.000Z,6562.6941018426744908,1539129600000
2018-10-11T00:00:00.000Z,6284.2787140362790939,1539216000000
2018-10-12T00:00:00.000Z,6283.4788646925615182,1539302400000
2018-10-13T00:00:00.000Z,6290.9485463165193455,1539388800000
2018-10-14T00:00:00.000Z,6304.6121852267599755,1539475200000
2018-10-15T00:00:00.000Z,6494.4976082457125562,1539561600000
2018-10-16T00:00:00.000Z,6522.8371886408374881,1539648000000
2018-10-17T00:00:00.000Z,6502.7160720802555044,1539734400000
2018-10-18T00:00:00.000Z,6483.8042049651862990,1539820800000
2018-10-19T00:00:00.000Z,6432.0774024778611292,1539907200000
2018-10-20T00:00:00.000Z,6441.8188263203289519,1539993600000
2018-10-21T00:00:00.000Z,6482.1658205556500747,1540080000000
2018-10-22T00:00:00.000Z,6432.9956618168919681,1540166400000
2018-10-23T00:00:00.000Z,6421.3412011297739426,1540252800000
2018-10-24T00:00:00.000Z,6446.5533350468620027,1540339200000
2018-10-25T00:00:00.000Z,6419.5490460919866895,1540425600000
2018-10-26T00:00:00.000Z,6416.5305493504664076,1540512000000
2018-10-27T00:00:00.000Z,6426.6956630306080224,1540598400000
2018-10-28T00:00:00.000Z,6424.7343304565317131,1540684800000
2018-10-29T00:00:00.000Z,6348.5797085443072454,1540771200000
2018-10-30T00:00:00.000Z,6288.2935972031217845,1540857600000
2018-10-31T00:00:00.000Z,6293.3032283138448714,1540944000000
2018-11-01T00:00:00.000Z,6326.3160037632799391,1541030400000
2018-11-02T00:00:00.000Z,6376.5276274832345389,1541116800000
2018-11-03T00:00:00.000Z,6354.2994498915216372,1541203200000
2018-11-04T00:00:00.000Z,6382.8929303781001347,1541289600000
2018-11-05T00:00:00.000Z,6417.5809632434963670,1541376000000
2018-11-06T00:00:00.000Z,6422.7624750683463602,1541462400000
2018-11-07T00:00:00.000Z,6515.7450902933035305,1541548800000
2018-11-08T00:00:00.000Z,6466.9644496788368918,1541635200000
2018-11-09T00:00:00.000Z,6388.8534680907652539,1541721600000
2018-11-10T00:00:00.000Z,6376.6850119168595787,1541808000000
2018-11-11T00:00:00.000Z,6362.0272058612219910,1541894400000
2018-11-12T00:00:00.000Z,6367.3582062294148675,1541980800000
2018-11-13T00:00:00.000Z,6321.4822372095311418,1542067200000
2018-11-14T00:00:00.000Z,6079.8689876099155367,1542153600000
2018-11-15T00:00:00.000Z,5549.7758316215383710,1542240000000
2018-11-16T00:00:00.000Z,5562.9916762652579719,1542326400000
2018-11-17T00:00:00.000Z,5524.5596501525439156,1542412800000
2018-11-18T00:00:00.000Z,5571.7789446807093235,1542499200000
2018-11-19T00:00:00.000Z,5241.4504247749178543,1542585600000
2018-11-20T00:00:00.000Z,4574.0572897404304453,1542672000000
2018-11-21T00:00:00.000Z,4482.6390723512286569,1542758400000
2018-11-22T00:00:00.000Z,4493.7981498721109686,1542844800000
2018-11-23T00:00:00.000Z,4277.7106363045447097,1542931200000
2018-11-24T00:00:00.000Z,4241.0773000744101223,1543017600000
2018-11-25T00:00:00.000Z,3785.6772181849992278,1543104000000
2018-11-26T00:00:00.000Z,3883.5320500429791247,1543190400000
2018-11-27T00:00:00.000Z,3731.7741538192497393,1543276800000
2018-11-28T00:00:00.000Z,4084.8558254778198013,1543363200000
2018-11-29T00:00:00.000Z,4252.6946514103962846,1543449600000
2018-11-30T00:00:00.000Z,4115.1322465873447719,1543536000000
2018-12-01T00:00:00.000Z,4121.5186338550490506,1543622400000
2018-12-02T00:00:00.000Z,4168.6585068857906828,1543708800000
2018-12-03T00:00:00.000Z,3976.4466325214091887,1543795200000
2018-12-04T00:00:00.000Z,3948.7146445471905810,1543881600000
2018-12-05T00:00:00.000Z,3850.3624412349879940,1543968000000
2018-12-06T00:00:00.000Z,3743.1564804656724583,1544054400000
2018-12-07T00:00:00.000Z,3401.8835399753589906,1544140800000
2018-12-08T00:00:00.000Z,3423.8151341521768975,1544227200000
2018-12-09T00:00:00.000Z,3534.8291466669462678,1544313600000
2018-12-10T00:00:00.000Z,3537.0366399507081343,1544400000000
2018-12-11T00:00:00.000Z,3435.5312407818642946,1544486400000
2018-12-12T00:00:00.000Z,3453.5157447467426320,1544572800000
2018-12-13T00:00:00.000Z,3413.2750566201202078,1544659200000
2018-12-14T00:00:00.000Z,3282.4190485515833902,1544745600000
2018-12-15T00:00:00.000Z,3239.2274222896735497,1544832000000
2018-12-16T00:00:00.000Z,3281.6769631817954658,1544918400000
2018-12-17T00:00:00.000Z,3399.8989358404388695,1545004800000
2018-12-18T00:00:00.000Z,3558.5204761754177009,1545091200000
2018-12-19T00:00:00.000Z,3799.2865495515502472,1545177600000
2018-12-20T00:00:00.000Z,3973.9380633726032314,1545264000000
2018-12-21T00:00:00.000Z,4021.9560261857093815,1545350400000
2018-12-22T00:00:00.000Z,3913.8031021767966437,1545436800000
2018-12-23T00:00:00.000Z,4044.0578760409084520,1545523200000
2018-12-24T00:00:00.000Z,4182.8106397399362194,1545609600000
2018-12-25T00:00:00.000Z,3836.4078036083159292,1545696000000
2018-12-26T00:00:00.000Z,3842.1960345650640264,1545782400000
2018-12-27T00:00:00.000Z,3778.2370158246914174,1545868800000
2018-12-28T00:00:00.000Z,3758.1208413166601926,1545955200000
2018-12-29T00:00:00.000Z,3926.4178517560752762,1546041600000
2018-12-30T00:00:00.000Z,3848.7887466769443574,1546128000000
2018-12-31T00:00:00.000Z,3818.5387335025971606,1546214400000
2019-01-01T00:00:00.000Z,3770.2243963297406330,1546300800000
2019-01-02T00:00:00.000Z,3894.4233672899393751,1546387200000
2019-01-03T00:00:00.000Z,3874.4132460382786451,1546473600000
2019-01-04T00:00:00.000Z,3838.0316557789585846,1546560000000
2019-01-05T00:00:00.000Z,3889.7828238289400730,1546646400000
2019-01-06T00:00:00.000Z,3937.1202957448938773,1546732800000
2019-01-07T00:00:00.000Z,4062.8349302499749455,1546819200000
2019-01-08T00:00:00.000Z,4045.4329986329852588,1546905600000
2019-01-09T00:00:00.000Z,4041.0149156772955680,1546992000000
2019-01-10T00:00:00.000Z,3833.9358039185510406,1547078400000
2019-01-11T00:00:00.000Z,3669.1568633940030800,1547164800000
2019-01-12T00:00:00.000Z,3657.6885373223492276,1547251200000
2019-01-13T00:00:00.000Z,3624.3223617111002840,1547337600000
2019-01-14T00:00:00.000Z,3608.5778129477985202,1547424000000
2019-01-15T00:00:00.000Z,3661.6545553982002471,1547510400000
2019-01-16T00:00:00.000Z,3632.1299168921829476,1547596800000
2019-01-17T00:00:00.000Z,3626.8317398304971019,1547683200000
2019-01-18T00:00:00.000Z,3638.7542173110704680,1547769600000
2019-01-19T00:00:00.000Z,3703.3825879264664745,1547856000000
2019-01-20T00:00:00.000Z,3641.8453712579348665,1547942400000
2019-01-21T00:00:00.000Z,3566.5422058733912721,1548028800000
2019-01-22T00:00:00.000Z,3580.5116186959886397,1548115200000
2019-01-23T00:00:00.000Z,3601.3298842477803961,1548201600000
2019-01-24T00:00:00.000Z,3585.7419001287914891,1548288000000
2019-01-25T00:00:00.000Z,3594.8870826743788063,1548374400000
2019-01-26T00:00:00.000Z,3613.1399236543145810,1548460800000
2019-01-27T00:00:00.000Z,3590.7747111244749462,1548547200000
2019-01-28T00:00:00.000Z,3476.0723846452406410,1548633600000
2019-01-29T00:00:00.000Z,3426.6453709423703192,1548720000000
2019-01-30T00:00:00.000Z,3458.6495584382165128,1548806400000
2019-01-31T00:00:00.000Z,3462.7295427985473761,1548892800000
2019-02-01T00:00:00.000Z,3455.2242220897180414,1548979200000
2019-02-02T00:00:00.000Z,3477.0369629049545976,1549065600000
2019-02-03T00:00:00.000Z,3476.1060207948036461,1549152000000
2019-02-04T00:00:00.000Z,3457.9623988848403391,1549238400000
2019-02-05T00:00:00.000Z,3459.1958195135397693,1549324800000
2019-02-06T00:00:00.000Z,3401.5059448205459545,1549411200000
2019-02-07T00:00:00.000Z,3401.0455879723382017,1549497600000
2019-02-08T00:00:00.000Z,3489.1396239614008976,1549584000000
2019-02-09T00:00:00.000Z,3646.2566602906028478,1549670400000
2019-02-10T00:00:00.000Z,3644.2876376783358204,1549756800000
2019-02-11T00:00:00.000Z,3636.1744951675716129,1549843200000
2019-02-12T00:00:00.000Z,3612.7996739333940563,1549929600000
2019-02-13T00:00:00.000Z,3622.6806428808959680,1550016000000
2019-02-14T00:00:00.000Z,3601.3993779166557955,1550102400000
2019-02-15T00:00:00.000Z,3594.2496157090359741,1550188800000
2019-02-16T00:00:00.000Z,3619.8836136181786253,1550275200000
2019-02-17T00:00:00.000Z,3629.6801908138610748,1550361600000
2019-02-18T00:00:00.000Z,3790.5017836231987084,1550448000000
2019-02-19T00:00:00.000Z,3933.0527414547445914,1550534400000
2019-02-20T00:00:00.000Z,3947.6628202879330815,1550620800000
2019-02-21T00:00:00.000Z,3948.1354268506302432,1550707200000
2019-02-22T00:00:00.000Z,3969.5719807353815720,1550793600000
2019-02-23T00:00:00.000Z,4012.3214270380478214,1550880000000
2019-02-24T00:00:00.000Z,4020.6218111388016267,1550966400000
2019-02-25T00:00:00.000Z,3829.2206340843995346,1551052800000
2019-02-26T00:00:00.000Z,3836.7143999238369251,1551139200000
2019-02-27T00:00:00.000Z,3841.7387737545602156,1551225600000
2019-02-28T00:00:00.000Z,3853.3931807202038343,1551312000000
2019-03-01T00:00:00.000Z,3850.8604214948369692,1551398400000
2019-03-02T00:00:00.000Z,3852.6531885517261827,1551484800000
2019-03-03T00:00:00.000Z,3846.5067859342336934,1551571200000
2019-03-04T00:00:00.000Z,3770.0752855877169779,1551657600000
2019-03-05T00:00:00.000Z,3805.5653947734481401,1551744000000
2019-03-06T00:00:00.000Z,3870.4140911488379291,1551830400000
2019-03-07T00:00:00.000Z,3897.5346250987739772,1551916800000
2019-03-08T00:00:00.000Z,3911.7655087630577794,1552003200000
2019-03-09T00:00:00.000Z,3936.8966056418522704,1552089600000
2019-03-10T00:00:00.000Z,3931.6064739662762610,1552176000000
2019-03-11T00:00:00.000Z,3913.7078165770877495,1552262400000
2019-03-12T00:00:00.000Z,3894.6573149186553588,1552348800000
2019-03-13T00:00:00.000Z,3893.7148506214081467,1552435200000
2019-03-14T00:00:00.000Z,3880.4493934945394491,1552521600000
2019-03-15T00:00:00.000Z,3914.3759979426378990,1552608000000
2019-03-16T00:00:00.000Z,4014.4270744804376553,1552694400000
2019-03-17T00:00:00.000Z,3996.5212879694229358,1552780800000
2019-03-18T00:00:00.000Z,4004.9245848501110935,1552867200000
2019-03-19T00:00:00.000Z,4017.4688046288711707,1552953600000
2019-03-20T00:00:00.000Z,4044.0253677982233029,1553040000000
2019-03-21T00:00:00.000Z,4038.4596888234205406,1553126400000
2019-03-22T00:00:00.000Z,4002.0268150853261633,1553212800000
2019-03-23T00:00:00.000Z,4011.8192878787970288,1553299200000
2019-03-24T00:00:00.000Z,4007.2919043542670992,1553385600000
2019-03-25T00:00:00.000Z,3994.6666335678399008,1553472000000
2019-03-26T00:00:00.000Z,3956.2031664290910029,1553558400000
2019-03-27T00:00:00.000Z,4026.5637027038454370,1553644800000
2019-03-28T00:00:00.000Z,4038.8224714441160258,1553731200000
2019-03-29T00:00:00.000Z,4081.1131181659901456,1553817600000
2019-03-30T00:00:00.000Z,4114.4430993694942299,1553904000000
2019-03-31T00:00:00.000Z,4124.3079735433767880,1553990400000
2019-04-01T00:00:00.000Z,4152.1009731140627759,1554076800000
2019-04-02T00:00:00.000Z,4661.1734558804283677,1554163200000
2019-04-03T00:00:00.000Z,5040.7790072863788035,1554249600000
2019-04-04T00:00:00.000Z,4980.1097969718292424,1554336000000
2019-04-05T00:00:00.000Z,4991.2469306872158103,1554422400000
2019-04-06T00:00:00.000Z,5059.7876169633376363,1554508800000
2019-04-07T00:00:00.000Z,5152.8761372203967681,1554595200000
2019-04-08T00:00:00.000Z,5249.1108836199311837,1554681600000
2019-04-09T00:00:00.000Z,5222.4841136993358564,1554768000000
2019-04-10T00:00:00.000Z,5274.7729297684069308,1554854400000
2019-04-11T00:00:00.000Z,5136.8077555531505605,1554940800000
2019-04-12T00:00:00.000Z,5054.3036316432362195,1555027200000
2019-04-13T00:00:00.000Z,5092.8015099593050856,1555113600000
2019-04-14T00:00:00.000Z,5097.3936198161940558,1555200000000
2019-04-15T00:00:00.000Z,5137.5690969911858515,1555286400000
2019-04-16T00:00:00.000Z,5112.3748783261708573,1555372800000
2019-04-17T00:00:00.000Z,5230.4190442634072110,1555459200000
2019-04-18T00:00:00.000Z,5275.7727081902595246,1555545600000
2019-04-19T00:00:00.000Z,5277.4429670019020826,1555632000000
2019-04-20T00:00:00.000Z,5326.3319279810081395,1555718400000
2019-04-21T00:00:00.000Z,5302.1348159015757776,1555804800000
2019-04-22T00:00:00.000Z,5330.2213192529925193,1555891200000
2019-04-23T00:00:00.000Z,5546.4491242577181655,1555977600000
2019-04-24T00:00:00.000Z,5498.1443556655662205,1556064000000
2019-04-25T00:00:00.000Z,5434.7935855399441641,1556150400000
2019-04-26T00:00:00.000Z,5245.0196761250467435,1556236800000
2019-04-27T00:00:00.000Z,5267.8588084362109304,1556323200000
2019-04-28T00:00:00.000Z,5280.7890374631914954,1556409600000
2019-04-29T00:00:00.000Z,5184.3719038463178148,1556496000000
2019-04-30T00:00:00.000Z,5222.7384130514299600,1556582400000
2019-05-01T00:00:00.000Z,5318.0156513235831634,1556668800000
2019-05-02T00:00:00.000Z,5381.9431676243467167,1556755200000
2019-05-03T00:00:00.000Z,5635.6485024667460864,1556841600000
2019-05-04T00:00:00.000Z,5708.2933732399418661,1556928000000
2019-05-05T00:00:00.000Z,5738.5910929840923639,1557014400000
2019-05-06T00:00:00.000Z,5672.0462685730603931,1557100800000
2019-05-07T00:00:00.000Z,5869.5386271841425516,1557187200000
2019-05-08T00:00:00.000Z,5859.7401787268212824,1557273600000
2019-05-09T00:00:00.000Z,6059.3280385642271786,1557360000000
2019-05-10T00:00:00.000Z,6303.6226411814543337,1557446400000
2019-05-11T00:00:00.000Z,6812.9388489854981748,1557532800000
2019-05-12T00:00:00.000Z,7156.6114367594669417,1557619200000
2019-05-13T00:00:00.000Z,7396.3179799093002366,1557705600000
2019-05-14T00:00:00.000Z,7987.7503491780869311,1557792000000
2019-05-15T00:00:00.000Z,8041.5821562958182182,1557878400000
2019-05-16T00:00:00.000Z,7995.4223108422200760,1557964800000
2019-05-17T00:00:00.000Z,7279.1828237232698779,1558051200000
2019-05-18T00:00:00.000Z,7340.7367281480567565,1558137600000
2019-05-19T00:00:00.000Z,7920.3351958073467972,1558224000000
2019-05-20T00:00:00.000Z,7905.9767153932825568,1558310400000
2019-05-21T00:00:00.000Z,7949.5882172269538409,1558396800000
2019-05-22T00:00:00.000Z,7894.7608184040427978,1558483200000
2019-05-23T00:00:00.000Z,7714.7049293737719809,1558569600000
2019-05-24T00:00:00.000Z,7981.2220357252979996,1558656000000
2019-05-25T00:00:00.000Z,8039.7327788204416730,1558742400000
2019-05-26T00:00:00.000Z,8123.8443544201040089,1558828800000
2019-05-27T00:00:00.000Z,8768.9183123878050623,1558915200000
2019-05-28T00:00:00.000Z,8716.2390835995104004,1559001600000
2019-05-29T00:00:00.000Z,8647.9256393008930596,1559088000000
2019-05-30T00:00:00.000Z,8644.9552366806144490,1559174400000
2019-05-31T00:00:00.000Z,8374.4361089062026262,1559260800000
2019-06-01T00:00:00.000Z,8564.0180449298691694,1559347200000
2019-06-02T00:00:00.000Z,8686.7825960648771046,1559433600000
2019-06-03T00:00:00.000Z,8561.5391296141344474,1559520000000
2019-06-04T00:00:00.000Z,7891.0746753499820030,1559606400000
2019-06-05T00:00:00.000Z,7810.7391237237108558,1559692800000
2019-06-06T00:00:00.000Z,7792.6159249330763826,1559779200000
2019-06-07T00:00:00.000Z,7969.9392667316889010,1559865600000
2019-06-08T00:00:00.000Z,7978.4359334759201880,1559952000000
2019-06-09T00:00:00.000Z,7842.3303776983834677,1560038400000
2019-06-10T00:00:00.000Z,7846.3866836024775580,1560124800000
2019-06-11T00:00:00.000Z,7919.7888480333982228,1560211200000
2019-06-12T00:00:00.000Z,8048.1915392145619984,1560297600000
2019-06-13T00:00:00.000Z,8178.2210795522036964,1560384000000
2019-06-14T00:00:00.000Z,8367.0996266995735441,1560470400000
2019-06-15T00:00:00.000Z,8729.9481687679151610,1560556800000
2019-06-16T00:00:00.000Z,9082.8190341011343581,1560643200000
2019-06-17T00:00:00.000Z,9221.7764020927664955,1560729600000
2019-06-18T00:00:00.000Z,9159.3959893388359547,1560816000000
2019-06-19T00:00:00.000Z,9155.2843386678357774,1560902400000
2019-06-20T00:00:00.000Z,9361.0762867068543122,1560988800000
2019-06-21T00:00:00.000Z,9801.6998899927793192,1561075200000
2019-06-22T00:00:00.000Z,10719.6848102141820684,1561161600000
2019-06-23T00:00:00.000Z,10745.7116113220988348,1561248000000
2019-06-24T00:00:00.000Z,10844.7245005954062974,1561334400000
2019-06-25T00:00:00.000Z,11312.9454281937745028,1561420800000
2019-06-26T00:00:00.000Z,12669.3188157600507872,1561507200000
2019-06-27T00:00:00.000Z,11844.5705543394265356,1561593600000
2019-06-28T00:00:00.000Z,11722.6945286481035831,1561680000000
2019-06-29T00:00:00.000Z,11891.9902603726622541,1561766400000
2019-06-30T00:00:00.000Z,11585.4788423196908478,1561852800000
2019-07-01T00:00:00.000Z,10730.8911507421363806,1561939200000
2019-07-02T00:00:00.000Z,10331.6341326715371115,1562025600000
2019-07-03T00:00:00.000Z,11353.9099351147905371,1562112000000
2019-07-04T00:00:00.000Z,11769.5078602821691873,1562198400000
2019-07-05T00:00:00.000Z,11163.2579022320827456,1562284800000
2019-07-06T00:00:00.000Z,11423.5057764161149321,1562371200000
2019-07-07T00:00:00.000Z,11324.5430431665528789,1562457600000
2019-07-08T00:00:00.000Z,11787.7094263232078051,1562544000000
2019-07-09T00:00:00.000Z,12501.2695815132149269,1562630400000
2019-07-10T00:00:00.000Z,12649.3146359450127611,1562716800000
2019-07-11T00:00:00.000Z,11605.4452355585227954,1562803200000
2019-07-12T00:00:00.000Z,11603.6852763281520090,1562889600000
2019-07-13T00:00:00.000Z,11463.9424797325766828,1562976000000
2019-07-14T00:00:00.000Z,10895.8599042977258370,1563062400000
2019-07-15T00:00:00.000Z,10450.2762426923047219,1563148800000
2019-07-16T00:00:00.000Z,10384.7300426537176345,1563235200000
2019-07-17T00:00:00.000Z,9596.1458322208468691,1563321600000
2019-07-18T00:00:00.000Z,10067.8049747830851174,1563408000000
2019-07-19T00:00:00.000Z,10487.4592613145577358,1563494400000
2019-07-20T00:00:00.000Z,10689.0656592893457750,1563580800000
2019-07-21T00:00:00.000Z,10587.5608352864257851,1563667200000
2019-07-22T00:00:00.000Z,10468.2066641144659385,1563753600000
2019-07-23T00:00:00.000Z,10095.3113430245173200,1563840000000
2019-07-24T00:00:00.000Z,9727.5162987235858942,1563926400000
2019-07-25T00:00:00.000Z,10036.5541298176977241,1564012800000
2019-07-26T00:00:00.000Z,9793.5348884379823824,1564099200000
2019-07-27T00:00:00.000Z,9749.3149483800919540,1564185600000
2019-07-28T00:00:00.000Z,9532.7237042602816574,1564272000000
2019-07-29T00:00:00.000Z,9562.8791946216642317,1564358400000
2019-07-30T00:00:00.000Z,9567.0017607429627628,1564444800000
2019-07-31T00:00:00.000Z,9871.3187728767420073,1564531200000
2019-08-01T00:00:00.000Z,10090.4913714269312583,1564617600000
2019-08-02T00:00:00.000Z,10474.4089716723178068,1564704000000
2019-08-03T00:00:00.000Z,10776.4933954161706428,1564790400000
2019-08-04T00:00:00.000Z,10807.4224822371216368,1564876800000
2019-08-05T00:00:00.000Z,11660.7319960263329155,1564963200000
2019-08-06T00:00:00.000Z,11753.2496360486600451,1565049600000
2019-08-07T00:00:00.000Z,11702.8034046852528883,1565136000000
2019-08-08T00:00:00.000Z,11799.4335568825568299,1565222400000
2019-08-09T00:00:00.000Z,11819.4522311954105613,1565308800000
2019-08-10T00:00:00.000Z,11585.8484447945447472,1565395200000
2019-08-11T00:00:00.000Z,11377.1664882493293868,1565481600000
2019-08-12T00:00:00.000Z,11394.6225138869932343,1565568000000
2019-08-13T00:00:00.000Z,11146.3404441147997297,1565654400000
2019-08-14T00:00:00.000Z,10452.5481692320469499,1565740800000
2019-08-15T00:00:00.000Z,10040.3549884837026578,1565827200000
2019-08-16T00:00:00.000Z,10250.7246875711059188,1565913600000
2019-08-17T00:00:00.000Z,10326.4001420389685280,1566000000000
2019-08-18T00:00:00.000Z,10327.0755509885728133,1566086400000
2019-08-19T00:00:00.000Z,10627.3444014501841647,1566172800000
2019-08-20T00:00:00.000Z,10761.9039900391191245,1566259200000
2019-08-21T00:00:00.000Z,10213.4516796856326822,1566345600000
2019-08-22T00:00:00.000Z,10065.4769507210445584,1566432000000
2019-08-23T00:00:00.000Z,10274.1854154170397764,1566518400000
2019-08-24T00:00:00.000Z,10179.6173453762075661,1566604800000
2019-08-25T00:00:00.000Z,10128.7636063346117874,1566691200000
2019-08-26T00:00:00.000Z,10358.6220382130021632,1566777600000
2019-08-27T00:00:00.000Z,10199.5921734302680369,1566864000000
2019-08-28T00:00:00.000Z,10074.3724152886728474,1566950400000
2019-08-29T00:00:00.000Z,9546.7027428830962692,1567036800000
2019-08-30T00:00:00.000Z,9567.7074921305186331,1567123200000
2019-08-31T00:00:00.000Z,9625.9481675363395959,1567209600000
2019-09-01T00:00:00.000Z,9648.6550266896698847,1567296000000
2019-09-02T00:00:00.000Z,9947.6788207019578869,1567382400000
2019-09-03T00:00:00.000Z,10513.5386716031343967,1567468800000
2019-09-04T00:00:00.000Z,10563.4622545869587316,1567555200000
2019-09-05T00:00:00.000Z,10572.4789089539354141,1567641600000
2019-09-06T00:00:00.000Z,10664.3626315439329827,1567728000000
2019-09-07T00:00:00.000Z,10447.9519144891088475,1567814400000
2019-09-08T00:00:00.000Z,10496.8219845241068818,1567900800000
2019-09-09T00:00:00.000Z,10328.9537520134018350,1567987200000
2019-09-10T00:00:00.000Z,10254.5668376469541296,1568073600000
2019-09-11T00:00:00.000Z,10095.4233181312695758,1568160000000
2019-09-12T00:00:00.000Z,10248.4587735466018255,1568246400000
2019-09-13T00:00:00.000Z,10331.7278987166410327,1568332800000
2019-09-14T00:00:00.000Z,10363.7754359439251523,1568419200000
2019-09-15T00:00:00.000Z,10346.9386016283072862,1568505600000
2019-09-16T00:00:00.000Z,10282.4262810828046462,1568592000000
2019-09-17T00:00:00.000Z,10237.2288671400414881,1568678400000
2019-09-18T00:00:00.000Z,10215.5012430150048160,1568764800000
2019-09-19T00:00:00.000Z,10012.9364167443732947,1568851200000
2019-09-20T00:00:00.000Z,10197.7967069780923473,1568937600000
2019-09-21T00:00:00.000Z,10081.3500563935175931,1569024000000
2019-09-22T00:00:00.000Z,10034.9177354230181378,1569110400000
2019-09-23T00:00:00.000Z,9917.2933638132529170,1569196800000
2019-09-24T00:00:00.000Z,9459.9780858962221617,1569283200000
2019-09-25T00:00:00.000Z,8476.4826244953921721,1569369600000
2019-09-26T00:00:00.000Z,8285.4019263116372428,1569456000000
2019-09-27T00:00:00.000Z,8070.4601810535652782,1569542400000
2019-09-28T00:00:00.000Z,8189.1395336881663247,1569628800000
2019-09-29T00:00:00.000Z,8128.0126610798821608,1569715200000
2019-09-30T00:00:00.000Z,8115.6322707914805915,1569801600000
2019-10-01T00:00:00.000Z,8392.8002087954075812,1569888000000
2019-10-02T00:00:00.000Z,8302.3617481284488736,1569974400000
2019-10-03T00:00:00.000Z,8297.2321254701397393,1570060800000
2019-10-04T00:00:00.000Z,8193.9670180719726909,1570147200000
2019-10-05T00:00:00.000Z,8163.5156635283243295,1570233600000
2019-10-06T00:00:00.000Z,8054.5144288418952186,1570320000000
2019-10-07T00:00:00.000Z,8088.1919083012879873,1570406400000
2019-10-08T00:00:00.000Z,8234.9979559485173841,1570492800000
2019-10-09T00:00:00.000Z,8353.1318639029777982,1570579200000
2019-10-10T00:00:00.000Z,8564.1495490173149235,1570665600000
2019-10-11T00:00:00.000Z,8416.6020563302647356,1570752000000
2019-10-12T00:00:00.000Z,8365.9233448591407007,1570838400000
2019-10-13T00:00:00.000Z,8408.4460041605313683,1570924800000
2019-10-14T00:00:00.000Z,8332.1543496316712624,1571011200000
2019-10-15T00:00:00.000Z,8300.6098398215823623,1571097600000
2019-10-16T00:00:00.000Z,8106.3160807173216108,1571184000000
2019-10-17T00:00:00.000Z,8070.0692095064411492,1571270400000
2019-10-18T00:00:00.000Z,8010.8949974499093798,1571356800000
2019-10-19T00:00:00.000Z,8018.9668535982687631,1571443200000
2019-10-20T00:00:00.000Z,8098.5594754501517646,1571529600000
2019-10-21T00:00:00.000Z,8304.4354728039030523,1571616000000
2019-10-22T00:00:00.000Z,8240.5141211000270137,1571702400000
2019-10-23T00:00:00.000Z,7801.4962563142941088,1571788800000
2019-10-24T00:00:00.000Z,7502.1351147688351854,1571875200000
2019-10-25T00:00:00.000Z,7929.9621157880686715,1571961600000
2019-10-26T00:00:00.000Z,9311.1157775242681475,1572048000000
2019-10-27T00:00:00.000Z,9404.2839422559708438,1572134400000
2019-10-28T00:00:00.000Z,9474.3908873373854314,1572220800000
2019-10-29T00:00:00.000Z,9383.7614769991512060,1572307200000
2019-10-30T00:00:00.000Z,9201.5307330200511763,1572393600000
2019-10-31T00:00:00.000Z,9186.2216066610880048,1572480000000
2019-11-01T00:00:00.000Z,9167.5838050016618695,1572566400000
2019-11-02T00:00:00.000Z,9290.8586469424187536,1572652800000
